<?xml version="1.0" encoding="UTF-8" ?>
<!DOCTYPE jasperReport PUBLIC "//JasperReports//DTD Report Design//EN"
 "http://jasperreports.sourceforge.net/dtds/jasperreport.dtd">
<jasperReport name="demo">
<parameter name="Report_Title" class="java.lang.String"/> 
<queryString><![CDATA[select * from citizen]]></queryString>
<field name="FNAME" class="java.lang.String"/>
<field name="MNAME" class="java.lang.String"/>
<field name="LNAME" class="java.lang.String"/>
<title>     
<band height="50" >
<textField >
<reportElement x="230" y="4" width="100" height="18"/> 
<textFieldExpression class="java.lang.String">
<![CDATA[$P{Report_Title}]]>
</textFieldExpression>  
</textField>
</band>
</title>
<columnHeader>
<band height="30">
<staticText>
<reportElement x="29" y="0" width="102" height="25"/> 
<text><![CDATA[First Name]]></text>
</staticText>
<staticText>
<reportElement x="146" y="2" width="104" height="23"/>
<text><![CDATA[Middle Name]]></text>
</staticText>
<staticText>
<reportElement x="260" y="1" width="100" height="24"/> 
<text><![CDATA[Last Name]]></text>
</staticText>
</band>
</columnHeader>
<detail>
<band height="100">
<textField>
<reportElement x="28" y="8" width="100" height="29"/> 
<textFieldExpression class="java.lang.String">
<![CDATA[$F{FNAME}]]>
</textFieldExpression>
</textField>
<textField >
<reportElement x="146" y="11" width="100" height="25" /> 
<textFieldExpression class="java.lang.String">
<![CDATA[$F{MNAME}]]>
</textFieldExpression>
</textField>
<textField>
<reportElement x="263" y="11" width="100" height="24" />
<textFieldExpression class="java.lang.String">
<![CDATA[$F{LNAME}]]>
</textFieldExpression>
</textField>
</band>
</detail>
</jasperReport>
