<?xml version="1.0"?>
<!DOCTYPE jasperReport PUBLIC "-//JasperReports//DTD Report Design//EN" "http://jasperreports.sourceforge.net/dtds/jasperreport.dtd">
<jasperReport name="jasper_test">
  <!-- Our fields from the Person class. -->
  <field name="fname" class="java.lang.String"/>
  <field name="lname" class="java.lang.String"/>
  <title>
    <band height="50">
      <staticText>
        <reportElement x="0" y="0" width="180" height="15"/>
        <textElement/>
        <text><![CDATA[Struts 2 JasperReports Sample]]></text>
      </staticText>
    </band>
  </title>
  <pageHeader>
    <band/>
  </pageHeader>
  <columnHeader>
    <band height="20">
      <staticText>
        <reportElement x="180" y="0" width="180" height="20"/>
        <textElement>
          <font isUnderline="true"/>
        </textElement>
        <text><![CDATA[NAME]]></text>
      </staticText>
      <staticText>
        <reportElement x="360" y="0" width="180" height="20"/>
        <textElement>
          <font isUnderline="true"/>
        </textElement>
        <text><![CDATA[LASTNAME]]></text>
      </staticText>
    </band>
  </columnHeader>
  <detail>
    <band height="20">
      <textField>
        <reportElement x="180" y="0" width="180" height="15"/>
        <textElement/>
        <textFieldExpression><![CDATA[$F{fname}]]></textFieldExpression>
      </textField>
      <textField>
        <reportElement x="360" y="0" width="180" height="15"/>
        <textElement/>
        <textFieldExpression><![CDATA[$F{lname}]]></textFieldExpression>
      </textField>
    </band>
  </detail>
  <columnFooter>
    <band/>
  </columnFooter>
  <pageFooter>
    <band height="15">
      <staticText>
        <reportElement x="0" y="0" width="40" height="15"/>
        <textElement/>
        <text><![CDATA[Page:]]></text>
      </staticText>
      <textField>
        <reportElement x="40" y="0" width="100" height="15"/>
        <textElement/>
        <textFieldExpression class="java.lang.Integer"><![CDATA[$V{PAGE_NUMBER}]]></textFieldExpression>
      </textField>
    </band>
  </pageFooter>
  <summary>
    <band/>
  </summary>
</jasperReport>
